drafted_player,slot,salary,owner,year,draft_type
Chris Johnson,RB,65,Brian S,2010,initial
Jets D/ST,DST,8,Brian S,2010,initial
Shonn Greene,RB,40,Brian S,2010,initial
Beanie Wells,RB,18,Brian S,2010,initial
Tony Romo,QB,17,Brian S,2010,initial
Joe Flacco,QB,8,Brian S,2010,initial
Steve Smith,WR/TE,8,Brian S,2010,initial
Felix Jones,RB,8,Brian S,2010,initial
Nate kaeding,K,5,Brian S,2010,initial
Jeremy Maclin,WR/TE,5,Brian S,2010,initial
Mike Wallace,WR/TE,4,Brian S,2010,initial
Ahmad Bradshaw,RB,2,Brian S,2010,initial
Devin Aromashodu,WR/TE,1,Brian S,2010,initial
Michael Turner,RB,50,Chris F,2010,initial
Drew Brees,QB,45,Chris F,2010,initial
Reggie Wayne,WR/TE,35,Chris F,2010,initial
Ravens D/ST,DST,4,Chris F,2010,initial
Wes Welker,WR/TE,15,Chris F,2010,initial
Antonio Gates,WR/TE,13,Chris F,2010,initial
Michael Crabtree,WR/TE,10,Chris F,2010,initial
Eli Manning,QB,8,Chris F,2010,initial
Reggie Bush,RB,8,Chris F,2010,initial
Stephen Gostkowski,K,4,Chris F,2010,initial
Cadillac Williams,RB,3,Chris F,2010,initial
Tony Gonzalez,WR/TE,3,Chris F,2010,initial
Clinton Portis,RB,2,Chris F,2010,initial
Adrian Peterson,RB,53,Craig B,2010,initial
Pierre Thomas,RB,22,Craig B,2010,initial
Desean Jackson,WR/TE,21,Craig B,2010,initial
Chad Ochocinco,WR/TE,17,Craig B,2010,initial
Philip Rivers,QB,16,Craig B,2010,initial
Saints D/ST,DST,2,Craig B,2010,initial
Matt Forte,RB,12,Craig B,2010,initial
Anquan Boldin,WR/TE,12,Craig B,2010,initial
Ray Rice,WR/TE,12,Craig B,2010,initial
Percy Harvin,WR/TE,11,Craig B,2010,initial
Carson Palmer,QB,8,Craig B,2010,initial
Jeremy Harrison,RB,3,Craig B,2010,initial
Garrett Hartley,K,2,Craig B,2010,initial
Maurice Jones-Drew,RB,58,Jeff M,2010,initial
Brandon Marshall,WR/TE,35,Jeff M,2010,initial
Larry Fitzgerald,WR/TE,32,Jeff M,2010,initial
Deangelo Williams,RB,30,Jeff M,2010,initial
Cedric Benson,RB,22,Jeff M,2010,initial
Packers D/ST,DST,2,Jeff M,2010,initial
Dwayne Bowe,WR/TE,8,Jeff M,2010,initial
Jay Cutler,QB,5,Jeff M,2010,initial
Donald Driver,WR/TE,2,Jeff M,2010,initial
Robbie Gould,K,1,Jeff M,2010,initial
Ben Roethlisberger,QB,1,Jeff M,2010,initial
Hakeem Nicks,WR/TE,1,Jeff M,2010,initial
Rickey Williams,RB,1,Jeff M,2010,initial
Andre Johnson,WR/TE,57,Mike B,2010,initial
Marques Colston,WR/TE,36,Mike B,2010,initial
Tom Brady,QB,28,Mike B,2010,initial
49ers D/ST,DST,2,Mike B,2010,initial
Matt Schaub,QB,20,Mike B,2010,initial
LeSean McCoy,RB,15,Mike B,2010,initial
knowshon Moreno,RB,14,Mike B,2010,initial
Ronnie Brown,RB,14,Mike B,2010,initial
Jahvid Best,RB,10,Mike B,2010,initial
Mason Crosby,K,1,Mike B,2010,initial
Michael Bush,RB,1,Mike B,2010,initial
Jermichael Finley,WR/TE,1,Mike B,2010,initial
Arian Foster,RB,1,Mike B,2010,initial
Frank Gore,RB,51,Nathan S,2010,initial
Vikings D/ST,DST,1,Nathan S,2010,initial
Calvin Johnson,WR/TE,38,Nathan S,2010,initial
Aaron Rodgers,QB,35,Nathan S,2010,initial
Ryan Mathews,RB,35,Nathan S,2010,initial
Mike Sims-walker,WR/TE,10,Nathan S,2010,initial
Vernon Davis,WR/TE,5,Nathan S,2010,initial
Jason Witten,WR/TE,4,Nathan S,2010,initial
Brandon Jacobs,RB,4,Nathan S,2010,initial
Braylon Edwards,WR/TE,3,Nathan S,2010,initial
Ryan Longwell,K,2,Nathan S,2010,initial
CJ Spiller,RB,2,Nathan S,2010,initial
Matt Ryan,QB,1,Nathan S,2010,initial
Rashard Mendenhall,RB,30,Steve C,2010,initial
Brett Favre,QB,26,Steve C,2010,initial
Steven Jackson,RB,26,Steve C,2010,initial
Rashad Jennings,WR/TE,23,Steve C,2010,initial
Roddy White,WR/TE,22,Steve C,2010,initial
Jonathan Stewart,RB,20,Steve C,2010,initial
Ryan Grant,RB,18,Steve C,2010,initial
Dallas Clark,WR/TE,15,Steve C,2010,initial
Eagles D/ST,DST,5,Steve C,2010,initial
Hines Ward,WR/TE,8,Steve C,2010,initial
David Akers,K,4,Steve C,2010,initial
Marion Barber,RB,2,Steve C,2010,initial
Kevin Kolb,QB,1,Steve C,2010,initial
Ray Rice,RB,58,Steve F,2010,initial
Randy Moss,WR/TE,40,Steve F,2010,initial
Cowboys D/ST,DST,2,Steve F,2010,initial
Peyton Manning,QB,25,Steve F,2010,initial
Jamaal Charles,RB,21,Steve F,2010,initial
Miles Austin,WR/TE,19,Steve F,2010,initial
Steve Smith,WR/TE,12,Steve F,2010,initial
Joseph Addai,RB,11,Steve F,2010,initial
Tim Hightower,RB,3,Steve F,2010,initial
Pierre Garcon,WR/TE,3,Steve F,2010,initial
Rob Bironas,K,1,Steve F,2010,initial
Donovan McNabb,QB,1,Steve F,2010,initial
Justin Forsett,RB,1,Steve F,2010,initial
Ray Rice,RB,48,Brian S,2010,redraft
Donald Driver,WR/TE,33,Brian S,2010,redraft
Mike Williams,WR/TE,28,Brian S,2010,redraft
knowshon Moreno,RB,26,Brian S,2010,redraft
Mike Tolbert,RB,15,Brian S,2010,redraft
Ben Roethlisberger,QB,9,Brian S,2010,redraft
Joe Flacco,QB,8,Brian S,2010,redraft
Bears D/ST,DST,1,Brian S,2010,redraft
Jeremy Maclin,WR/TE,5,Brian S,2010,redraft
Percy Harvin,WR/TE,5,Brian S,2010,redraft
Mike Wallace,WR/TE,4,Brian S,2010,redraft
Deion Branch,WR/TE,4,Brian S,2010,redraft
Folk,K,1,Brian S,2010,redraft
Rashad Jennings,WR/TE,60,Chris F,2010,redraft
Drew Brees,QB,45,Chris F,2010,redraft
Ahmad Bradshaw,RB,42,Chris F,2010,redraft
Jahvid Best,RB,20,Chris F,2010,redraft
Wes Welker,WR/TE,15,Chris F,2010,redraft
Matt Bryant,K,5,Chris F,2010,redraft
Patriots D/ST,DST,1,Chris F,2010,redraft
Eagles D/ST,DST,1,Chris F,2010,redraft
Daniel Thomas,RB,4,Chris F,2010,redraft
Edwards,WR/TE,3,Chris F,2010,redraft
Matt Schaub,QB,2,Chris F,2010,redraft
Tony Gonzalez,WR/TE,1,Chris F,2010,redraft
Michael Crabtree,WR/TE,1,Chris F,2010,redraft
Adrian Peterson,RB,53,Craig B,2010,redraft
Fred Jackson,RB,41,Craig B,2010,redraft
Desean Jackson,WR/TE,21,Craig B,2010,redraft
Brandon Jackson,RB,17,Craig B,2010,redraft
Philip Rivers,QB,16,Craig B,2010,redraft
Felix Jones,RB,10,Craig B,2010,redraft
Santonio Holmes,WR/TE,9,Craig B,2010,redraft
Thomas Jones,RB,9,Craig B,2010,redraft
Santana Moss,WR/TE,6,Craig B,2010,redraft
David Akers,K,2,Craig B,2010,redraft
Titans D/ST,DST,1,Craig B,2010,redraft
Randy Moss,WR/TE,1,Craig B,2010,redraft
Vincent Jackson,WR/TE,1,Craig B,2010,redraft
Maurice Jones-Drew,RB,58,Jeff M,2010,redraft
Michael Turner,RB,56,Jeff M,2010,redraft
Reggie Wayne,WR/TE,41,Jeff M,2010,redraft
kyle Orton,QB,12,Jeff M,2010,redraft
Brandon Lloyd,WR/TE,7,Jeff M,2010,redraft
Josh Freeman,QB,5,Jeff M,2010,redraft
Rice,WR/TE,5,Jeff M,2010,redraft
Steelers D/ST,DST,7,Jeff M,2010,redraft
Malcolm Floyd,WR/TE,3,Jeff M,2010,redraft
Darren McFadden,RB,2,Jeff M,2010,redraft
Hines Ward,WR/TE,2,Jeff M,2010,redraft
Rob Bironas,K,1,Jeff M,2010,redraft
Choice,RB,1,Jeff M,2010,redraft
Steven Jackson,RB,59,Mike B,2010,redraft
Tom Brady,QB,25,Mike B,2010,redraft
Larry Fitzgerald,WR/TE,25,Mike B,2010,redraft
Hakeem Nicks,WR/TE,22,Mike B,2010,redraft
LeSean McCoy,RB,15,Mike B,2010,redraft
Brandon Jacobs,RB,12,Mike B,2010,redraft
Austin Collie,WR/TE,10,Mike B,2010,redraft
Matt Ryan,QB,5,Mike B,2010,redraft
Marshawn Lynch,RB,5,Mike B,2010,redraft
Dwayne Bowe,WR/TE,4,Mike B,2010,redraft
Dan Carpenter,K,3,Mike B,2010,redraft
Packers D/ST,DST,4,Mike B,2010,redraft
Arian Foster,RB,1,Mike B,2010,redraft
Matt Forte,RB,48,Nathan S,2010,redraft
Calvin Johnson,WR/TE,38,Nathan S,2010,redraft
Aaron Rodgers,QB,35,Nathan S,2010,redraft
Cedric Benson,RB,24,Nathan S,2010,redraft
BenJarvus Green-Ellis,RB,13,Nathan S,2010,redraft
Marques Colston,WR/TE,12,Nathan S,2010,redraft
Ronnie Brown,RB,10,Nathan S,2010,redraft
Browns D/ST,DST,1,Nathan S,2010,redraft
Vernon Davis,WR/TE,6,Nathan S,2010,redraft
Sebastian Janikowski,K,5,Nathan S,2010,redraft
Terrell Owens,WR/TE,3,Nathan S,2010,redraft
Peyton Manning,QB,3,Nathan S,2010,redraft
Cadillac Williams,RB,1,Nathan S,2010,redraft
Chris Johnson,RB,61,Steve C,2010,redraft
Chris Ivory,RB,32,Steve C,2010,redraft
Steve Johnson,WR/TE,27,Steve C,2010,redraft
Roddy White,WR/TE,22,Steve C,2010,redraft
Brandon Marshall,WR/TE,16,Steve C,2010,redraft
Jonathan Stewart,RB,13,Steve C,2010,redraft
Antonio Gates,WR/TE,10,Steve C,2010,redraft
Ryan Fitzpatrick,QB,3,Steve C,2010,redraft
Reggie Bush,RB,2,Steve C,2010,redraft
Michael Vick,QB,1,Steve C,2010,redraft
Peyton Hillis,RB,1,Steve C,2010,redraft
Garrett Hartley,K,1,Steve C,2010,redraft
Falcons D/ST,DST,1,Steve C,2010,redraft
Andre Johnson,WR/TE,51,Steve F,2010,redraft
Rashard Mendenhall,RB,50,Steve F,2010,redraft
Anquan Boldin,WR/TE,24,Steve F,2010,redraft
Jamaal Charles,RB,21,Steve F,2010,redraft
Miles Austin,WR/TE,19,Steve F,2010,redraft
Peyton Manning,QB,14,Steve F,2010,redraft
LaDainian Tomlinson,RB,3,Steve F,2010,redraft
LeGarrette Blount,RB,3,Steve F,2010,redraft
Jets D/ST,DST,1,Steve F,2010,redraft
Neil Rackers,K,2,Steve F,2010,redraft
Chad Ochocinco,WR/TE,2,Steve F,2010,redraft
Jacob Tamme,WR/TE,2,Steve F,2010,redraft
Matt Cassel,QB,1,Steve F,2010,redraft
Frank Gore,RB,37,Andrew F,2011,initial
Maurice Jones-Drew,RB,32,Andrew F,2011,initial
Tom Brady,QB,30,Andrew F,2011,initial
Hakeem Nicks,WR/TE,28,Andrew F,2011,initial
Peyton Hillis,RB,26,Andrew F,2011,initial
Eagles D/ST,DST,4,Andrew F,2011,initial
Wes Welker,WR/TE,16,Andrew F,2011,initial
Anquan Boldin,WR/TE,10,Andrew F,2011,initial
Dallas Clark,WR/TE,6,Andrew F,2011,initial
Percy Harvin,WR/TE,4,Andrew F,2011,initial
Neil Rackers,K,4,Andrew F,2011,initial
Eli Manning,QB,2,Andrew F,2011,initial
CJ Spiller,RB,1,Andrew F,2011,initial
Aaron Rodgers,QB,46,Brian S,2011,initial
Michael Vick,QB,44,Brian S,2011,initial
Mike Wallace,WR/TE,21,Brian S,2011,initial
Dez Bryant,WR/TE,14,Brian S,2011,initial
knowshon Moreno,RB,12,Brian S,2011,initial
Ravens D/ST,DST,2,Brian S,2011,initial
kenny Britt,WR/TE,9,Brian S,2011,initial
LeGarrette Blount,RB,7,Brian S,2011,initial
Ryan Grant,RB,2,Brian S,2011,initial
Marshawn Lynch,RB,2,Brian S,2011,initial
Mason Crosby,K,1,Brian S,2011,initial
Jimmy Graham,WR/TE,1,Brian S,2011,initial
Jonathan Stewart,RB,1,Brian S,2011,initial
Adrian Peterson,RB,62,Chris F,2011,initial
Greg Jennings,WR/TE,40,Chris F,2011,initial
Steelers D/ST,DST,4,Chris F,2011,initial
Desean Jackson,WR/TE,21,Chris F,2011,initial
Matt Schaub,QB,20,Chris F,2011,initial
Jason Witten,WR/TE,11,Chris F,2011,initial
Peyton Manning,QB,9,Chris F,2011,initial
Vernon Davis,WR/TE,9,Chris F,2011,initial
Jeremy Maclin,WR/TE,8,Chris F,2011,initial
BenJarvus Green-Ellis,RB,5,Chris F,2011,initial
Tim Hightower,RB,4,Chris F,2011,initial
Rob Bironas,K,4,Chris F,2011,initial
Joseph Addai,RB,3,Chris F,2011,initial
Jamaal Charles,RB,57,Craig B,2011,initial
Chargers D/ST,DST,1,Craig B,2011,initial
Miles Austin,WR/TE,25,Craig B,2011,initial
Jahvid Best,RB,23,Craig B,2011,initial
Steven Jackson,RB,21,Craig B,2011,initial
Mike Williams,WR/TE,13,Craig B,2011,initial
Matt Ryan,QB,12,Craig B,2011,initial
Deangelo Williams,RB,12,Craig B,2011,initial
Steve Johnson,WR/TE,8,Craig B,2011,initial
Mario Manningham,WR/TE,8,Craig B,2011,initial
Michael Thomas,WR/TE,7,Craig B,2011,initial
Cedric Benson,RB,3,Craig B,2011,initial
Stephen Gostkowski,K,2,Craig B,2011,initial
Arian Foster,RB,48,Jeff M,2011,initial
Chris Johnson,RB,48,Jeff M,2011,initial
Darren McFadden,RB,33,Jeff M,2011,initial
Vincent Jackson,WR/TE,25,Jeff M,2011,initial
Marques Colston,WR/TE,14,Jeff M,2011,initial
Dwayne Bowe,WR/TE,12,Jeff M,2011,initial
Ben Roethlisberger,QB,12,Jeff M,2011,initial
Packers D/ST,DST,2,Jeff M,2011,initial
Nate kaeding,K,2,Jeff M,2011,initial
Michael Bush,RB,1,Jeff M,2011,initial
Julio Jones,WR/TE,1,Jeff M,2011,initial
LaDainian Tomlinson,RB,1,Jeff M,2011,initial
Jay Cutler,QB,1,Jeff M,2011,initial
Michael Turner,RB,42,Nathan S,2011,initial
Drew Brees,QB,35,Nathan S,2011,initial
Roddy White,WR/TE,35,Nathan S,2011,initial
Reggie Wayne,WR/TE,30,Nathan S,2011,initial
Shonn Greene,RB,20,Nathan S,2011,initial
Bears D/ST,DST,2,Nathan S,2011,initial
Mark Ingram,RB,10,Nathan S,2011,initial
Chad Ochocinco,WR/TE,9,Nathan S,2011,initial
Santonio Holmes,WR/TE,5,Nathan S,2011,initial
Beanie Wells,RB,4,Nathan S,2011,initial
Joe Flacco,QB,4,Nathan S,2011,initial
Sebastian Janikowski,K,3,Nathan S,2011,initial
Owen Daniels,WR/TE,1,Nathan S,2011,initial
Patriots D/ST,DST,7,Steve C,2011,initial
Matt Forte,RB,37,Steve C,2011,initial
Philip Rivers,QB,31,Steve C,2011,initial
Calvin Johnson,WR/TE,30,Steve C,2011,initial
Rashard Mendenhall,RB,29,Steve C,2011,initial
Antonio Gates,WR/TE,15,Steve C,2011,initial
Ahmad Bradshaw,RB,14,Steve C,2011,initial
Felix Jones,RB,12,Steve C,2011,initial
Jermichael Finley,WR/TE,6,Steve C,2011,initial
Josh Freeman,QB,5,Steve C,2011,initial
Brandon Lloyd,WR/TE,5,Steve C,2011,initial
Josh Brown,K,5,Steve C,2011,initial
Ryan Mathews,RB,4,Steve C,2011,initial
Ray Rice,RB,60,Steve F,2011,initial
Andre Johnson,WR/TE,43,Steve F,2011,initial
LeSean McCoy,RB,40,Steve F,2011,initial
Larry Fitzgerald,WR/TE,25,Steve F,2011,initial
Jets D/ST,DST,2,Steve F,2011,initial
Tony Romo,QB,12,Steve F,2011,initial
Brandon Marshall,WR/TE,6,Steve F,2011,initial
Malcolm Floyd,WR/TE,2,Steve F,2011,initial
Matt Bryant,K,1,Steve F,2011,initial
Santana Moss,WR/TE,1,Steve F,2011,initial
Reggie Bush,RB,1,Steve F,2011,initial
Fred Jackson,RB,1,Steve F,2011,initial
Sam Bradford,QB,1,Steve F,2011,initial
Darren Sproles,RB,52,Andrew F,2011,redraft
Tom Brady,QB,30,Andrew F,2011,redraft
Brandon Marshall,WR/TE,24,Andrew F,2011,redraft
Wes Welker,WR/TE,16,Andrew F,2011,redraft
Ahmad Bradshaw,RB,12,Andrew F,2011,redraft
Jermichael Finley,RB,7,Andrew F,2011,redraft
Andre Johnson,WR/TE,6,Andrew F,2011,redraft
Billy Cundiff,K,6,Andrew F,2011,redraft
Percy Harvin,WR/TE,4,Andrew F,2011,redraft
Daniel Thomas,RB,4,Andrew F,2011,redraft
Bears D/ST,DST,3,Andrew F,2011,redraft
Dwayne Bowe,WR/TE,2,Andrew F,2011,redraft
Ryan Fitzpatrick,QB,1,Andrew F,2011,redraft
Chris Johnson,RB,80,Brian S,2011,redraft
Ben Roethlisberger,QB,21,Brian S,2011,redraft
Darren McFadden,RB,16,Brian S,2011,redraft
Hakeem Nicks,WR/TE,15,Brian S,2011,redraft
Michael Vick,QB,7,Brian S,2011,redraft
John kasay,K,6,Brian S,2011,redraft
Rob Gronkowski,WR/TE,4,Brian S,2011,redraft
Ben Tate,RB,3,Brian S,2011,redraft
Toby Gerhardt,RB,3,Brian S,2011,redraft
Demarco Murray,RB,1,Brian S,2011,redraft
Jimmy Graham,WR/TE,1,Brian S,2011,redraft
Reggie Wayne,WR/TE,1,Brian S,2011,redraft
Bengals D/ST,DST,1,Brian S,2011,redraft
Greg Jennings,WR/TE,50,Chris F,2011,redraft
Aaron Rodgers,QB,46,Chris F,2011,redraft
Ryan Mathews,RB,42,Chris F,2011,redraft
Mike Wallace,WR/TE,21,Chris F,2011,redraft
LeGarrette Blount,RB,8,Chris F,2011,redraft
Robbie Gould,K,6,Chris F,2011,redraft
DeAngelo Williams,RB,6,Chris F,2011,redraft
Steelers D/ST,DST,4,Chris F,2011,redraft
Tim Tebow,QB,5,Chris F,2011,redraft
Michael Crabtree,WR/TE,5,Chris F,2011,redraft
Aaron Hernandez,WR/TE,3,Chris F,2011,redraft
Antonio Brown,WR/TE,2,Chris F,2011,redraft
Pierre Thomas,RB,2,Chris F,2011,redraft
AJ Green,WR/TE,32,Craig B,2011,redraft
Michael Bush,RB,31,Craig B,2011,redraft
Frank Gore,RB,31,Craig B,2011,redraft
Rashard Mendenhall,RB,27,Craig B,2011,redraft
Dez Bryant,WR/TE,11,Craig B,2011,redraft
Eli Manning,QB,11,Craig B,2011,redraft
Anquan Boldin,WR/TE,7,Craig B,2011,redraft
Dan Bailey,K,6,Craig B,2011,redraft
Texans D/ST,DST,2,Craig B,2011,redraft
Cedric Benson,RB,3,Craig B,2011,redraft
Antonio Gates,WR/TE,3,Craig B,2011,redraft
Philip Rivers,QB,2,Craig B,2011,redraft
Torrey Smith,WR/TE,2,Craig B,2011,redraft
Michael Turner,RB,67,Jeff M,2011,redraft
Arian Foster,RB,48,Jeff M,2011,redraft
Tony Romo,QB,24,Jeff M,2011,redraft
Laurent Robinson,WR/TE,22,Jeff M,2011,redraft
Jason Witten,WR/TE,10,Jeff M,2011,redraft
Desean Jackson,WR/TE,4,Jeff M,2011,redraft
Jordy Nelson,WR/TE,3,Jeff M,2011,redraft
Eric Decker,WR/TE,3,Jeff M,2011,redraft
Sebastian Janikowski,K,3,Jeff M,2011,redraft
Jonathan Stewart,RB,2,Jeff M,2011,redraft
Ravens D/ST,DST,12,Jeff M,2011,redraft
Victor Cruz,WR/TE,1,Jeff M,2011,redraft
Matt Moore,QB,1,Jeff M,2011,redraft
Drew Brees,QB,35,Nathan S,2011,redraft
Vincent Jackson,WR/TE,27,Nathan S,2011,redraft
Steve Johnson,WR/TE,27,Nathan S,2011,redraft
Beanie Wells,RB,25,Nathan S,2011,redraft
Steve Smith Sr,WR/TE,24,Nathan S,2011,redraft
Reggie Bush,RB,17,Nathan S,2011,redraft
Willis McGahee,RB,9,Nathan S,2011,redraft
Roy Helu,RB,7,Nathan S,2011,redraft
BenJarvus Green-Ellis,RB,7,Nathan S,2011,redraft
Miles Austin,WR/TE,6,Nathan S,2011,redraft
Mason Crosby,K,5,Nathan S,2011,redraft
49ers D/ST,DST,10,Nathan S,2011,redraft
Tony Gonzalez,WR/TE,1,Nathan S,2011,redraft
Maurice Jones-Drew,RB,59,Steve C,2011,redraft
Larry Fitzgerald,WR/TE,38,Steve C,2011,redraft
Shonn Greene,RB,33,Steve C,2011,redraft
Calvin Johnson,WR/TE,30,Steve C,2011,redraft
Plaxico Burress,WR/TE,17,Steve C,2011,redraft
Broncos D/ST,DST,2,Steve C,2011,redraft
David Akers,K,6,Steve C,2011,redraft
Brandon Lloyd,WR/TE,5,Steve C,2011,redraft
Matt Forte,RB,3,Steve C,2011,redraft
Matt Ryan,QB,3,Steve C,2011,redraft
Julio Jones,WR/TE,2,Steve C,2011,redraft
Matthew Stafford,QB,1,Steve C,2011,redraft
Marshawn Lynch,RB,1,Steve C,2011,redraft
Ray Rice,RB,60,Steve F,2011,redraft
Roddy White,WR/TE,56,Steve F,2011,redraft
LeSean McCoy,RB,40,Steve F,2011,redraft
Adrian Peterson,RB,10,Steve F,2011,redraft
Marques Colston,WR/TE,8,Steve F,2011,redraft
Cam Newton,QB,4,Steve F,2011,redraft
Jets D/ST,DST,3,Steve F,2011,redraft
Mark Sanchez,QB,1,Steve F,2011,redraft
Stephen Gostkowski,K,1,Steve F,2011,redraft
Steven Jackson,RB,1,Steve F,2011,redraft
Deion Branch,WR/TE,1,Steve F,2011,redraft
Peyton Hillis,RB,1,Steve F,2011,redraft
Santonio Holmes,WR/TE,1,Steve F,2011,redraft
Matthew Stafford,QB,40,Adam S,2012,initial
Fred Jackson,RB,31,Adam S,2012,initial
AJ Green,WR/TE,27,Adam S,2012,initial
Steven Jackson,RB,25,Adam S,2012,initial
Ryan Mathews,RB,22,Adam S,2012,initial
Hakeem Nicks,WR/TE,17,Adam S,2012,initial
Doug Martin,RB,13,Adam S,2012,initial
Jordy Nelson,WR/TE,12,Adam S,2012,initial
49ers D/ST,DST,4,Adam S,2012,initial
Demaryius Thomas,WR/TE,5,Adam S,2012,initial
Matt Bryant,K,1,Adam S,2012,initial
Matt Schaub,QB,1,Adam S,2012,initial
Donald Brown,RB,1,Adam S,2012,initial
Chris Johnson,RB,43,Andrew F,2012,initial
Jimmy Graham,WR/TE,36,Andrew F,2012,initial
Adrian Peterson,RB,32,Andrew F,2012,initial
Bears D/ST,DST,1,Andrew F,2012,initial
Eli Manning,QB,25,Andrew F,2012,initial
Michael Turner,RB,23,Andrew F,2012,initial
Julio Jones,RB,22,Andrew F,2012,initial
Eric Decker,WR/TE,6,Andrew F,2012,initial
Shonn Greene,RB,6,Andrew F,2012,initial
Desean Jackson,WR/TE,2,Andrew F,2012,initial
Sebastian Janikowski,K,2,Andrew F,2012,initial
Andrew Luck,QB,1,Andrew F,2012,initial
Nate Washington,WR/TE,1,Andrew F,2012,initial
Ray Rice,RB,56,Craig B,2012,initial
Tom Brady,QB,41,Craig B,2012,initial
Greg Jennings,WR/TE,36,Craig B,2012,initial
Lions D/ST ,DST,1,Craig B,2012,initial
Marshawn Lynch,RB,27,Craig B,2012,initial
Vincent Jackson,WR/TE,13,Craig B,2012,initial
Willis McGahee,RB,9,Craig B,2012,initial
Brandon Lloyd,WR/TE,9,Craig B,2012,initial
Beanie Wells,RB,3,Craig B,2012,initial
Matt Prater,K,2,Craig B,2012,initial
Carson Palmer,QB,1,Craig B,2012,initial
Steve Johnson,WR/TE,1,Craig B,2012,initial
Pierre Garcon,WR/TE,1,Craig B,2012,initial
Arian Foster,RB,67,Jeff M,2012,initial
Andre Johnson,WR/TE,36,Jeff M,2012,initial
Jamaal Charles,RB,33,Jeff M,2012,initial
Roddy White,RB,32,Jeff M,2012,initial
Michael Vick,QB,15,Jeff M,2012,initial
Seahawks D/ST,DST,1,Jeff M,2012,initial
Philip Rivers,QB,3,Jeff M,2012,initial
Miles Austin,WR/TE,3,Jeff M,2012,initial
Peyton Hillis,RB,2,Jeff M,2012,initial
Michael Bush,RB,2,Jeff M,2012,initial
Randy Moss,WR/TE,2,Jeff M,2012,initial
Toby Gerhardt,RB,2,Jeff M,2012,initial
Robbie Gould,K,1,Jeff M,2012,initial
Aaron Rodgers,QB,52,John N,2012,initial
Calvin Johnson,WR/TE,46,John N,2012,initial
Ravens D/ST,DST,3,John N,2012,initial
Darren Sproles,RB,24,John N,2012,initial
Frank Gore,RB,21,John N,2012,initial
Victor Cruz,WR/TE,14,John N,2012,initial
Ahmad Bradshaw,WR/TE,14,John N,2012,initial
Jeremy Maclin,WR/TE,5,John N,2012,initial
Robert Meachum,WR/TE,4,John N,2012,initial
Reggie Bush,RB,2,John N,2012,initial
Robert Griffin III,QB,2,John N,2012,initial
Jonathan Stewart,RB,2,John N,2012,initial
Stephen Gostkowski,K,1,John N,2012,initial
Drew Brees,QB,42,Nathan S,2012,initial
Demarco Murray,RB,38,Nathan S,2012,initial
Larry Fitzgerald,WR/TE,34,Nathan S,2012,initial
Mike Wallace,WR/TE,22,Nathan S,2012,initial
Steelers D/ST,DST,3,Nathan S,2012,initial
Antonio Gates,WR/TE,11,Nathan S,2012,initial
BenJarvus Green-Ellis,RB,11,Nathan S,2012,initial
Stevan Ridley,WR/TE,9,Nathan S,2012,initial
Steve Smith,WR/TE,9,Nathan S,2012,initial
Dez Bryant,WR/TE,7,Nathan S,2012,initial
Matt Ryan,QB,6,Nathan S,2012,initial
CJ Spiller,RB,3,Nathan S,2012,initial
Mason Crosby,K,2,Nathan S,2012,initial
Eagles D/ST,DST,1,Steve C,2012,initial
Darren McFadden,RB,43,Steve C,2012,initial
Maurice Jones-Drew,RB,36,Steve C,2012,initial
Cam Newton,QB,28,Steve C,2012,initial
Brandon Marshall,WR/TE,26,Steve C,2012,initial
Marques Colston,WR/TE,26,Steve C,2012,initial
Trent Richardson,RB,21,Steve C,2012,initial
Antonio Brown,RB,6,Steve C,2012,initial
Reggie Wayne,WR/TE,4,Steve C,2012,initial
David Wilson,RB,4,Steve C,2012,initial
Ryan Williams ,RB,3,Steve C,2012,initial
David Akers,K,1,Steve C,2012,initial
Jay Cutler,QB,1,Steve C,2012,initial
LeSean McCoy,RB,63,Steve F,2012,initial
Matt Forte,RB,42,Steve F,2012,initial
Rob Gronkowski,WR/TE,31,Steve F,2012,initial
Wes Welker,WR/TE,29,Steve F,2012,initial
Texans D/ST,DST,2,Steve F,2012,initial
Dwayne Bowe,WR/TE,13,Steve F,2012,initial
Percy Harvin,WR/TE,5,Steve F,2012,initial
Peyton Manning,QB,4,Steve F,2012,initial
Tony Romo,QB,3,Steve F,2012,initial
Torrey Smith,RB,3,Steve F,2012,initial
Cedric Benson,RB,2,Steve F,2012,initial
DeAngelo Williams,RB,2,Steve F,2012,initial
Garrett Hartley,K,1,Steve F,2012,initial
Ahmad Bradshaw,RB,67,Adam S,2012,redraft
Aaron Rodgers,QB,44,Adam S,2012,redraft
AJ Green,WR/TE,27,Adam S,2012,redraft
Hakeem Nicks,WR/TE,13,Adam S,2012,redraft
Doug Martin,RB,13,Adam S,2012,redraft
Steven Jackson,RB,9,Adam S,2012,redraft
Demaryius Thomas,WR/TE,5,Adam S,2012,redraft
Percy Harvin,WR/TE,1,Adam S,2012,redraft
Justin Forsett,RB,1,Adam S,2012,redraft
TY Hilton,WR/TE,1,Adam S,2012,redraft
49ers D/ST,DST,3,Adam S,2012,redraft
Justin Tucker,K,1,Adam S,2012,redraft
Vic Ballard,RB,1,Adam S,2012,redraft
Frank Gore,RB,75,Andrew F,2012,redraft
Adrian Peterson,RB,32,Andrew F,2012,redraft
Mikel Leshoure,RB,22,Andrew F,2012,redraft
Jimmy Graham,WR/TE,21,Andrew F,2012,redraft
Danny Amendola,WR/TE,14,Andrew F,2012,redraft
Torrey Smith,WR/TE,7,Andrew F,2012,redraft
Eric Decker,WR/TE,6,Andrew F,2012,redraft
Brian Hartline,WR/TE,5,Andrew F,2012,redraft
Pierre Garcon,WR/TE,3,Andrew F,2012,redraft
Ravens D/ST,DST,1,Andrew F,2012,redraft
Robbie Gould,K,1,Andrew F,2012,redraft
Andrew Luck,QB,1,Andrew F,2012,redraft
Malcolm Floyd,WR/TE,1,Andrew F,2012,redraft
Ray Rice,RB,56,Craig B,2012,redraft
Tom Brady,QB,41,Craig B,2012,redraft
Danario Alexander,WR/TE,31,Craig B,2012,redraft
Randall Cobb,WR/TE,21,Craig B,2012,redraft
Cecil Shorts,WR/TE,15,Craig B,2012,redraft
Darren McFadden,RB,12,Craig B,2012,redraft
Steve Johnson,WR/TE,5,Craig B,2012,redraft
Mike Wallace,WR/TE,4,Craig B,2012,redraft
Alfred Morris,RB,4,Craig B,2012,redraft
Bengals D/ST,DST,1,Craig B,2012,redraft
Steve Smith,WR/TE,3,Craig B,2012,redraft
Blair Walsh,K,1,Craig B,2012,redraft
M. Reese,RB,1,Craig B,2012,redraft
Arian Foster,RB,67,Jeff M,2012,redraft
Andre Johnson,WR/TE,36,Jeff M,2012,redraft
Roddy White,WR/TE,36,Jeff M,2012,redraft
Jamaal Charles,RB,33,Jeff M,2012,redraft
L. Moore,WR/TE,9,Jeff M,2012,redraft
Matthew Stafford,QB,6,Jeff M,2012,redraft
Jonathan Dwyer,RB,4,Jeff M,2012,redraft
M. williams,WR/TE,4,Jeff M,2012,redraft
Seahawks D/ST,DST,1,Jeff M,2012,redraft
Matt Schaub,RB,1,Jeff M,2012,redraft
Hanson,K,1,Jeff M,2012,redraft
A. woodhead,RB,1,Jeff M,2012,redraft
Heath Miller,WR/TE,1,Jeff M,2012,redraft
Marques Colston,WR/TE,49,John N,2012,redraft
Calvin Johnson,WR/TE,46,John N,2012,redraft
Chris Johnson,RB,40,John N,2012,redraft
Victor Cruz,WR/TE,14,John N,2012,redraft
Michael Turner,RB,8,John N,2012,redraft
Darren Sproles,RB,8,John N,2012,redraft
Jordy Nelson,WR/TE,7,John N,2012,redraft
Ryan Mathews,RB,7,John N,2012,redraft
Larry Fitzgerald,WR/TE,6,John N,2012,redraft
Broncos D/ST,DST,5,John N,2012,redraft
Jacquizz Rodgers,RB,4,John N,2012,redraft
Robert Griffin III,QB,2,John N,2012,redraft
Stephen Gostkowski,K,1,John N,2012,redraft
Matt Forte,RB,50,Nathan S,2012,redraft
Drew Brees,QB,42,Nathan S,2012,redraft
Reggie Wayne,WR/TE,38,Nathan S,2012,redraft
Julio Jones,WR/TE,21,Nathan S,2012,redraft
Reggie Bush,RB,15,Nathan S,2012,redraft
Stevan Ridley,WR/TE,9,Nathan S,2012,redraft
Shonn Greene,RB,7,Nathan S,2012,redraft
Matt Ryan,QB,4,Nathan S,2012,redraft
M. Alston,WR/TE,3,Nathan S,2012,redraft
Beanie Wells,RB,3,Nathan S,2012,redraft
Bears D/ST,DST,6,Nathan S,2012,redraft
Tony Gonzalez,WR/TE,1,Nathan S,2012,redraft
Connor Barth,K,1,Nathan S,2012,redraft
Marshawn Lynch,RB,72,Steve C,2012,redraft
Cam Newton,QB,28,Steve C,2012,redraft
Vincent Jackson,WR/TE,22,Steve C,2012,redraft
Demarco Murray,RB,22,Steve C,2012,redraft
Trent Richardson,RB,21,Steve C,2012,redraft
Fred Jackson,RB,10,Steve C,2012,redraft
Patriots D/ST,DST,1,Steve C,2012,redraft
Josh Freeman,QB,4,Steve C,2012,redraft
Lawrence Tynes,K,2,Steve C,2012,redraft
Dez Bryant,WR/TE,2,Steve C,2012,redraft
Greg Jennings,WR/TE,2,Steve C,2012,redraft
Antonio Brown,RB,1,Steve C,2012,redraft
Moore,WR/TE,1,Steve C,2012,redraft
Brandon Marshall,WR/TE,45,Steve F,2012,redraft
Wes Welker,WR/TE,41,Steve F,2012,redraft
knowshon Moreno,RB,31,Steve F,2012,redraft
BenJarvus Green-Ellis,RB,29,Steve F,2012,redraft
Aaron Hernandez,WR/TE,15,Steve F,2012,redraft
LeSean McCoy,RB,7,Steve F,2012,redraft
CJ Spiller,RB,7,Steve F,2012,redraft
Peyton Manning,QB,4,Steve F,2012,redraft
Matt Bryant,K,3,Steve F,2012,redraft
Jason Witten,WR/TE,3,Steve F,2012,redraft
Steelers D/ST,DST,2,Steve F,2012,redraft
Bryce Brown,RB,2,Steve F,2012,redraft
James Jones,WR/TE,1,Steve F,2012,redraft
Jamaal Charles,RB,52,Andrew F,2013,initial
Calvin Johnson,WR/TE,50,Andrew F,2013,initial
Reggie Bush,RB,23,Andrew F,2013,initial
Colin Kaepernick,QB,18,Andrew F,2013,initial
Randall Cobb,WR/TE,18,Andrew F,2013,initial
Bears D/ST,DST,1,Andrew F,2013,initial
Lamar Miller,RB,16,Andrew F,2013,initial
Tony Romo,QB,5,Andrew F,2013,initial
Danny Woodhead,RB,2,Andrew F,2013,initial
Tony Gonzalez,WR/TE,2,Andrew F,2013,initial
TY Hilton,WR/TE,2,Andrew F,2013,initial
Garrett Hartley,K,1,Andrew F,2013,initial
Roy Helu,RB,1,Andrew F,2013,initial
Trent Richardson,RB,52,Craig B,2013,initial
Arian Foster,RB,48,Craig B,2013,initial
Maurice Jones-Drew,RB,26,Craig B,2013,initial
Browns D/ST,DST,1,Craig B,2013,initial
Frank Gore,RB,21,Craig B,2013,initial
Darren McFadden,RB,11,Craig B,2013,initial
Mike Wallace,WR/TE,8,Craig B,2013,initial
Reggie Wayne,RB,8,Craig B,2013,initial
Victor Cruz,WR/TE,7,Craig B,2013,initial
Cecil Shorts,WR/TE,4,Craig B,2013,initial
Michael Vick,QB,3,Craig B,2013,initial
Russell Wilson,QB,3,Craig B,2013,initial
Stephen Gostkowski,K,2,Craig B,2013,initial
Adrian Peterson,RB,60,Jeff M,2013,initial
Ray Rice,RB,55,Jeff M,2013,initial
Steven Jackson,RB,39,Jeff M,2013,initial
Wes Welker,WR/TE,18,Jeff M,2013,initial
Matthew Stafford,QB,12,Jeff M,2013,initial
Broncos D/ST,DST,1,Jeff M,2013,initial
Hakeem Nicks,WR/TE,3,Jeff M,2013,initial
Eli Manning,QB,3,Jeff M,2013,initial
Chris Ivory,RB,2,Jeff M,2013,initial
Rashard Mendenhall,RB,2,Jeff M,2013,initial
Jordy Nelson,WR/TE,2,Jeff M,2013,initial
Sebastian Janikowski,K,1,Jeff M,2013,initial
Miles Austin,WR/TE,1,Jeff M,2013,initial
AJ Green,WR/TE,40,John L,2013,initial
Stevan Ridley,RB,34,John L,2013,initial
Aaron Rodgers,QB,33,John L,2013,initial
Eddie Lacy,RB,18,John L,2013,initial
Vincent Jackson,WR/TE,15,John L,2013,initial
49ers D/ST,DST,3,John L,2013,initial
Marques Colston,WR/TE,8,John L,2013,initial
Montee Ball,RB,6,John L,2013,initial
D. Richardson,RB,5,John L,2013,initial
Jason Witten,WR/TE,5,John L,2013,initial
Robert Griffin III,QB,4,John L,2013,initial
Matt Prater,K,2,John L,2013,initial
Daniel Thomas,RB,1,John L,2013,initial
Doug Martin,RB,57,John N,2013,initial
Texans D/ST,DST,1,John N,2013,initial
Alfred Morris,RB,47,John N,2013,initial
Jimmy Graham,WR/TE,26,John N,2013,initial
Chris Johnson,RB,22,John N,2013,initial
Andre Johnson,WR/TE,20,John N,2013,initial
Matt Ryan,QB,13,John N,2013,initial
Dwayne Bowe,WR/TE,7,John N,2013,initial
Steve Johnson,WR/TE,2,John N,2013,initial
Torrey Smith,WR/TE,2,John N,2013,initial
Blair Walsh,K,1,John N,2013,initial
Ronnie Hillman,RB,1,John N,2013,initial
Steve Smith,WR/TE,1,John N,2013,initial
Marshawn Lynch,RB,55,Nathan S,2013,initial
Julio Jones,WR/TE,37,Nathan S,2013,initial
Demaryius Thomas,WR/TE,36,Nathan S,2013,initial
Drew Brees,QB,35,Nathan S,2013,initial
Patriots D/ST,DST,2,Nathan S,2013,initial
Giovani Bernard,RB,12,Nathan S,2013,initial
Pierre Garcon,WR/TE,9,Nathan S,2013,initial
Vernon Davis,WR/TE,5,Nathan S,2013,initial
Andre Brown,WR/TE,4,Nathan S,2013,initial
Matt Branet,K,2,Nathan S,2013,initial
Knile Davis,RB,1,Nathan S,2013,initial
Ben Tate,RB,1,Nathan S,2013,initial
Ben Roethlisberger,QB,1,Nathan S,2013,initial
Seahawks D/ST,DST,2,Steve C,2013,initial
Matt Forte,RB,36,Steve C,2013,initial
Dez Bryant,WR/TE,36,Steve C,2013,initial
Larry Fitzgerald,WR/TE,29,Steve C,2013,initial
Peyton Manning,QB,25,Steve C,2013,initial
David Wilson,RB,24,Steve C,2013,initial
Roddy White,WR/TE,23,Steve C,2013,initial
DeAngelo Williams,RB,10,Steve C,2013,initial
Ryan Mathews,RB,4,Steve C,2013,initial
Eric Decker,WR/TE,3,Steve C,2013,initial
Andrew Luck,QB,3,Steve C,2013,initial
Le'Veon Bell,RB,2,Steve C,2013,initial
Phil Dawson,K,1,Steve C,2013,initial
LeSean McCoy,RB,55,Steve F,2013,initial
CJ Spiller,RB,52,Steve F,2013,initial
Bengals D/ST,DST,1,Steve F,2013,initial
Brandon Marshall,WR/TE,36,Steve F,2013,initial
Tom Brady,QB,14,Steve F,2013,initial
Cam Newton,QB,8,Steve F,2013,initial
Ahmad Bradshaw,RB,5,Steve F,2013,initial
Rob Gronkowski,WR/TE,5,Steve F,2013,initial
Darren Sproles,RB,5,Steve F,2013,initial
Demarco Murray,RB,5,Steve F,2013,initial
Danny Amendola,WR/TE,5,Steve F,2013,initial
Julio Jones,WR/TE,4,Steve F,2013,initial
Dan Bailey,K,1,Steve F,2013,initial
Dez Bryant,WR/TE,63,Andrew F,2013,redraft
Jamaal Charles,RB,52,Andrew F,2013,redraft
Calvin Johnson,WR/TE,50,Andrew F,2013,redraft
Le'Veon Bell,RB,19,Andrew F,2013,redraft
Robert Griffin III,QB,5,Andrew F,2013,redraft
Philip Rivers,QB,4,Andrew F,2013,redraft
Alshon Jeffery,WR/TE,3,Andrew F,2013,redraft
Rams D/ST,DST,1,Andrew F,2013,redraft
Stevan Ridley,RB,1,Andrew F,2013,redraft
Mason Crosby,K,1,Andrew F,2013,redraft
Steve Johnson,WR/TE,1,Andrew F,2013,redraft
Montee Ball,RB,1,Andrew F,2013,redraft
Chris Ivory,RB,1,Andrew F,2013,redraft
DeMarco Murray,RB,66,Craig B,2013,redraft
Vincent Jackson,WR/TE,49,Craig B,2013,redraft
Ben Tate,RB,36,Craig B,2013,redraft
Frank Gore,RB,21,Craig B,2013,redraft
Eric Decker,WR/TE,16,Craig B,2013,redraft
Tom Brady,QB,10,Craig B,2013,redraft
Roddy White,WR/TE,6,Craig B,2013,redraft
Russell Wilson,QB,3,Craig B,2013,redraft
Panthers D/ST,DST,3,Craig B,2013,redraft
Stephen Gostkowski,K,2,Craig B,2013,redraft
Lamar Miller,RB,2,Craig B,2013,redraft
Brian Hartline,WR/TE,1,Craig B,2013,redraft
Nate Burleson,WR/TE,1,Craig B,2013,redraft
Adrian Peterson,RB,60,Jeff M,2013,redraft
Rob Gronkowski,WR/TE,59,Jeff M,2013,redraft
Reggie Bush,RB,56,Jeff M,2013,redraft
Matthew Stafford,QB,12,Jeff M,2013,redraft
Larry Fitzgerald,WR/TE,9,Jeff M,2013,redraft
Harry Douglas,WR/TE,3,Jeff M,2013,redraft
Seahawks D/ST,DST,3,Jeff M,2013,redraft
Fred Jackson,RB,1,Jeff M,2013,redraft
Nick Novak,K,1,Jeff M,2013,redraft
Dwayne Bowe,WR/TE,1,Jeff M,2013,redraft
Carson Palmer,QB,1,Jeff M,2013,redraft
Roy Helu,RB,1,Jeff M,2013,redraft
Donald Brown,RB,1,Jeff M,2013,redraft
Giovani Bernard,RB,52,John L,2013,redraft
AJ Green,WR/TE,40,John L,2013,redraft
Victor Cruz,WR/TE,36,John L,2013,redraft
Eddie Lacy,RB,18,John L,2013,redraft
Ray Rice,RB,10,John L,2013,redraft
Ryan Mathews,RB,10,John L,2013,redraft
Tony Romo,QB,7,John L,2013,redraft
Torrey Smith,WR/TE,4,John L,2013,redraft
Aaron Rodgers,QB,4,John L,2013,redraft
Tony Gonzalez,WR/TE,3,John L,2013,redraft
Kendall Wright,WR/TE,2,John L,2013,redraft
49ers D/ST,DST,1,John L,2013,redraft
Steven Hauschka,K,1,John L,2013,redraft
Brandon Marshall,WR/TE,66,John N,2013,redraft
Alfred Morris,RB,47,John N,2013,redraft
Jimmy Graham,WR/TE,26,John N,2013,redraft
Chris Johnson,RB,22,John N,2013,redraft
Cam Newton,QB,21,John N,2013,redraft
TY Hilton,WR/TE,6,John N,2013,redraft
Bears D/ST,DST,1,John N,2013,redraft
Chiefs D/ST,DST,3,John N,2013,redraft
Anquan Boldin,WR/TE,2,John N,2013,redraft
Justin Tucker,K,1,John N,2013,redraft
Pierre Thomas,RB,1,John N,2013,redraft
Trent Richardson,RB,1,John N,2013,redraft
Matt Ryan,QB,1,John N,2013,redraft
Jordy Nelson,WR/TE,43,Nathan S,2013,redraft
Demaryius Thomas,WR/TE,36,Nathan S,2013,redraft
Drew Brees,QB,35,Nathan S,2013,redraft
Danny Woodhead,RB,20,Nathan S,2013,redraft
Vernon Davis,WR/TE,20,Nathan S,2013,redraft
Zac Stacy,RB,13,Nathan S,2013,redraft
Darren Sproles,RB,10,Nathan S,2013,redraft
Joique Bell,RB,5,Nathan S,2013,redraft
Antonio Brown,WR/TE,4,Nathan S,2013,redraft
Dolphins D/ST,DST,1,Nathan S,2013,redraft
Garrett Hartley,K,2,Nathan S,2013,redraft
Andrew Luck,QB,2,Nathan S,2013,redraft
Rashad Jennings,RB,2,Nathan S,2013,redraft
Andre Johnson,WR/TE,70,Steve C,2013,redraft
Matt Forte,RB,36,Steve C,2013,redraft
CJ Spiller,RB,30,Steve C,2013,redraft
Peyton Manning,QB,25,Steve C,2013,redraft
Pierre Garcon,WR/TE,13,Steve C,2013,redraft
Maurice Jones-Drew,RB,10,Steve C,2013,redraft
Panthers D/ST,DST,3,Steve C,2013,redraft
Riley Cooper,WR/TE,5,Steve C,2013,redraft
Keenan Allen,WR/TE,5,Steve C,2013,redraft
Josh Gordon,WR/TE,1,Steve C,2013,redraft
Adam Vinatieri,K,1,Steve C,2013,redraft
Andy Dalton,QB,1,Steve C,2013,redraft
Shane Vereen,RB,1,Steve C,2013,redraft
Marshawn Lynch,RB,77,Steve F,2013,redraft
LeSean McCoy,RB,55,Steve F,2013,redraft
Andre Brown,RB,14,Steve F,2013,redraft
Mike Wallace,WR/TE,13,Steve F,2013,redraft
Wes Welker,WR/TE,10,Steve F,2013,redraft
DeSean Jackson,WR/TE,6,Steve F,2013,redraft
Julius Thomas,WR/TE,6,Steve F,2013,redraft
Knowshon Moreno,RB,4,Steve F,2013,redraft
Steven Jackson,RB,4,Steve F,2013,redraft
Bengals D/ST,DST,2,Steve F,2013,redraft
Nick Foles,QB,3,Steve F,2013,redraft
Colin Kaepernick,QB,2,Steve F,2013,redraft
Matt Prater,K,2,Steve F,2013,redraft
LeSean McCoy,RB,68,Andrew F,2014,initial
Calvin Johnson,WR/TE,59,Andrew F,2014,initial
Matthew Stafford,QB,16,Andrew F,2014,initial
Vincent Jackson,WR/TE,15,Andrew F,2014,initial
Chiefs D/ST,DST,1,Andrew F,2014,initial
Pierre Garcon,WR/TE,12,Andrew F,2014,initial
Frank Gore,RB,9,Andrew F,2014,initial
Joique Bell,RB,6,Andrew F,2014,initial
Wes Welker,WR/TE,4,Andrew F,2014,initial
Stevan Ridley,RB,4,Andrew F,2014,initial
DeSean Jackson,WR/TE,3,Andrew F,2014,initial
Phil Dawson,K,1,Andrew F,2014,initial
Johnny Manziel,QB,1,Andrew F,2014,initial
Giovani Bernard,RB,38,Craig B,2014,initial
Le'Veon Bell,RB,31,Craig B,2014,initial
Seahawks D/ST,DST,3,Craig B,2014,initial
Ray Rice,RB,16,Craig B,2014,initial
Andre Johnson,WR/TE,16,Craig B,2014,initial
Roddy White,WR/TE,16,Craig B,2014,initial
Julius Thomas,WR/TE,15,Craig B,2014,initial
Reggie Bush,RB,14,Craig B,2014,initial
Cordarrelle Patterson,WR/TE,8,Craig B,2014,initial
Matt Ryan,QB,2,Craig B,2014,initial
Mason Crosby,K,2,Craig B,2014,initial
Philip Rivers,QB,1,Craig B,2014,initial
Golden Tate,WR/TE,1,Craig B,2014,initial
Adrian Peterson,RB,62,Jeff M,2014,initial
AJ Green,WR/TE,41,Jeff M,2014,initial
Jimmy Graham,WR/TE,39,Jeff M,2014,initial
Julio Jones,WR/TE,36,Jeff M,2014,initial
Patriots D/ST,DST,1,Jeff M,2014,initial
Pierre Thomas,RB,5,Jeff M,2014,initial
Trent Richardson,RB,4,Jeff M,2014,initial
Tony Romo,QB,3,Jeff M,2014,initial
Chris Johnson,RB,3,Jeff M,2014,initial
Colin Kaepernick,QB,2,Jeff M,2014,initial
Ryan Mathews,RB,2,Jeff M,2014,initial
Matt Prater,K,1,Jeff M,2014,initial
Reggie Wayne,WR/TE,1,Jeff M,2014,initial
Eddie Lacy,RB,60,John L,2014,initial
Marshawn Lynch,RB,47,John L,2014,initial
Drew Brees,QB,25,John L,2014,initial
Zac Stacy,RB,20,John L,2014,initial
Larry Fitzgerald,WR/TE,15,John L,2014,initial
Victor Cruz,WR/TE,9,John L,2014,initial
Vernon Davis,WR/TE,8,John L,2014,initial
49ers D/ST,DST,1,John L,2014,initial
Jason Witten,WR/TE,5,John L,2014,initial
Robert Griffin III,QB,3,John L,2014,initial
Stephen Gostkowski,K,3,John L,2014,initial
Torrey Smith,WR/TE,3,John L,2014,initial
Mark Ingram,RB,1,John L,2014,initial
Jamaal Charles,RB,64,John N,2014,initial
Rams D/ST,DST,1,John N,2014,initial
Brandon Marshall,WR/TE,36,John N,2014,initial
Antonio Brown,WR/TE,28,John N,2014,initial
Andre Ellington,RB,21,John N,2014,initial
Randall Cobb,WR/TE,15,John N,2014,initial
Michael Crabtree,WR/TE,9,John N,2014,initial
Toby Gerhardt,RB,7,John N,2014,initial
Ben Tate,RB,6,John N,2014,initial
Cam Newton,QB,4,John N,2014,initial
Nick Foles,QB,2,John N,2014,initial
Justin Tucker,K,2,John N,2014,initial
TY Hilton,WR/TE,1,John N,2014,initial
Demaryius Thomas,WR/TE,51,Nathan S,2014,initial
Jordy Nelson,WR/TE,37,Nathan S,2014,initial
Arian Foster,RB,36,Nathan S,2014,initial
Peyton Manning,QB,32,Nathan S,2014,initial
Broncos D/ST,DST,1,Nathan S,2014,initial
Alfred Morris,RB,21,Nathan S,2014,initial
Bishop Sankey,RB,6,Nathan S,2014,initial
Tom Brady,QB,5,Nathan S,2014,initial
Percy Harvin,WR/TE,5,Nathan S,2014,initial
Jeremy Maclin,WR/TE,1,Nathan S,2014,initial
Nick Novak,K,1,Nathan S,2014,initial
Jorden Camden,WR/TE,1,Nathan S,2014,initial
Kyree Robinson,RB,1,Nathan S,2014,initial
Browns D/ST,DST,1,Steve C,2014,initial
Montee Ball,RB,51,Steve C,2014,initial
Dez Bryant,WR/TE,50,Steve C,2014,initial
Doug Martin,RB,40,Steve C,2014,initial
Keenan Allen,WR/TE,14,Steve C,2014,initial
Andrew Luck,QB,12,Steve C,2014,initial
Rashad Jennings,RB,10,Steve C,2014,initial
Michael Floyd,WR/TE,5,Steve C,2014,initial
Emmanuel Sanders,WR/TE,4,Steve C,2014,initial
Jay Cutler,QB,3,Steve C,2014,initial
Steven Hauschka,K,1,Steve C,2014,initial
Fred Jackson,RB,1,Steve C,2014,initial
Marques Colston,WR/TE,1,Steve C,2014,initial
Matt Forte,RB,65,Steve F,2014,initial
Demarco Murray,RB,49,Steve F,2014,initial
Panthers D/ST,DST,2,Steve F,2014,initial
Aaron Rodgers,QB,26,Steve F,2014,initial
Alshon Jeffery,WR/TE,24,Steve F,2014,initial
Rob Gronkowski,WR/TE,12,Steve F,2014,initial
CJ Spiller,RB,10,Steve F,2014,initial
Shane Vereen,RB,4,Steve F,2014,initial
Russell Wilson,QB,1,Steve F,2014,initial
Dan Bailey,K,1,Steve F,2014,initial
Steven Jackson,RB,1,Steve F,2014,initial
Mike Wallace,WR/TE,1,Steve F,2014,initial
Julian Edelman,WR/TE,1,Steve F,2014,initial
Calvin Johnson,WR/TE,59,Andrew F,2014,redraft
Lamar Miller,RB,44,Andrew F,2014,redraft
Kelvin Benjamin,WR/TE,27,Andrew F,2014,redraft
Rashad Jennings,RB,26,Andrew F,2014,redraft
Denard Robinson,RB,15,Andrew F,2014,redraft
Steve Smith Sr,WR/TE,3,Andrew F,2014,redraft
Roddy White,WR/TE,3,Andrew F,2014,redraft
Ben Roethlisberger,QB,2,Andrew F,2014,redraft
Ravens D/ST,DST,1,Andrew F,2014,redraft
Colin Kaepernick,QB,1,Andrew F,2014,redraft
DeAndre Hopkins,WR/TE,1,Andrew F,2014,redraft
Steven Hauschka,K,1,Andrew F,2014,redraft
Kendall Wright,WR/TE,1,Andrew F,2014,redraft
Demaryius Thomas,WR/TE,81,Craig B,2014,redraft
Alfred Morris,RB,50,Craig B,2014,redraft
Andrew Luck,QB,35,Craig B,2014,redraft
Le'Veon Bell,RB,31,Craig B,2014,redraft
Josh Gordon,WR/TE,6,Craig B,2014,redraft
Julian Edelman,WR/TE,4,Craig B,2014,redraft
Anquan Boldin,WR/TE,3,Craig B,2014,redraft
Cody Parkey,K,2,Craig B,2014,redraft
Sammy Watkins,WR/TE,2,Craig B,2014,redraft
Texans D/ST,DST,2,Craig B,2014,redraft
Mike Evans,WR/TE,1,Craig B,2014,redraft
Stedman Bailey,WR/TE,1,Craig B,2014,redraft
Dri Archer,RB,1,Craig B,2014,redraft
LeSean McCoy,RB,70,Jeff M,2014,redraft
Aaron Rodgers,QB,53,Jeff M,2014,redraft
Julio Jones,WR/TE,41,Jeff M,2014,redraft
Daniel Blue Heron,RB,10,Jeff M,2014,redraft
Mike Wallace,WR/TE,7,Jeff M,2014,redraft
Tony Romo,QB,3,Jeff M,2014,redraft
TY Hilton,WR/TE,3,Jeff M,2014,redraft
Fred Jackson,RB,3,Jeff M,2014,redraft
Jordan Matthews,WR/TE,2,Jeff M,2014,redraft
Brandon LaFell,WR/TE,2,Jeff M,2014,redraft
49ers D/ST,DST,3,Jeff M,2014,redraft
CJ Anderson,RB,1,Jeff M,2014,redraft
Stephen Gostkowski,K,1,Jeff M,2014,redraft
AJ Green,WR/TE,69,John L,2014,redraft
Eddie Lacy,RB,60,John L,2014,redraft
Marshawn Lynch,RB,47,John L,2014,redraft
Drew Brees,QB,25,John L,2014,redraft
Caleb Sturgis,K,7,John L,2014,redraft
Larry Fitzgerald,WR/TE,4,John L,2014,redraft
Martellus Bennett,WR/TE,2,John L,2014,redraft
Vincent Jackson,WR/TE,2,John L,2014,redraft
Chris Ivory,RB,2,John L,2014,redraft
Andre Williams,RB,2,John L,2014,redraft
Seahawks D/ST,DST,1,John L,2014,redraft
Andre Johnson,WR/TE,1,John L,2014,redraft
Cordarrelle Patterson,WR/TE,1,John L,2014,redraft
Dez Bryant,WR/TE,73,John N,2014,redraft
Jamaal Charles,RB,64,John N,2014,redraft
Antonio Brown,WR/TE,28,John N,2014,redraft
Randall Cobb,WR/TE,15,John N,2014,redraft
Giovani Bernard,RB,11,John N,2014,redraft
Russell Wilson,QB,8,John N,2014,redraft
Panthers D/ST,DST,1,John N,2014,redraft
Ryan Mathews,RB,2,John N,2014,redraft
Justin Tucker,K,1,John N,2014,redraft
Shane Vereen,RB,1,John N,2014,redraft
Reggie Wayne,WR/TE,1,John N,2014,redraft
Bishop Sankey,RB,1,John N,2014,redraft
Jay Cutler,QB,1,John N,2014,redraft
Jeremy Maclin,WR/TE,40,Nathan S,2014,redraft
Jordy Nelson,WR/TE,37,Nathan S,2014,redraft
Arian Foster,RB,36,Nathan S,2014,redraft
Golden Tate,WR/TE,25,Nathan S,2014,redraft
Joique Bell,RB,20,Nathan S,2014,redraft
Kenny Stills,WR/TE,17,Nathan S,2014,redraft
Andre Ellington,RB,14,Nathan S,2014,redraft
Tom Brady,QB,5,Nathan S,2014,redraft
DeSean Jackson,WR/TE,4,Nathan S,2014,redraft
Adam Vinatieri,K,4,Nathan S,2014,redraft
Vikings D/ST,DST,4,Nathan S,2014,redraft
Jeremy Hill,RB,2,Nathan S,2014,redraft
Knile Davis,RB,2,Nathan S,2014,redraft
Jimmy Graham,WR/TE,45,Steve C,2014,redraft
Mason Crosby,K,35,Steve C,2014,redraft
Odell Beckham Jr,WR/TE,27,Steve C,2014,redraft
Matthew Stafford,QB,27,Steve C,2014,redraft
Brandon Marshall,WR/TE,17,Steve C,2014,redraft
Isaiah Crowell,RB,15,Steve C,2014,redraft
Alshon Jeffery,WR/TE,11,Steve C,2014,redraft
Frank Gore,RB,10,Steve C,2014,redraft
Rams D/ST,DST,2,Steve C,2014,redraft
Emmanuel Sanders,WR/TE,4,Steve C,2014,redraft
Mark Ingram,RB,1,Steve C,2014,redraft
Justin Forsett,RB,1,Steve C,2014,redraft
Jonathan Stewart,RB,1,Steve C,2014,redraft
Matt Forte,RB,65,Steve F,2014,redraft
Demarco Murray,RB,49,Steve F,2014,redraft
Peyton Manning,QB,38,Steve F,2014,redraft
Julius Thomas,WR/TE,22,Steve F,2014,redraft
Rob Gronkowski,WR/TE,12,Steve F,2014,redraft
Tre Mason,RB,6,Steve F,2014,redraft
Ka'Deem Carey,RB,3,Steve F,2014,redraft
Keenan Allen,WR/TE,3,Steve F,2014,redraft
Lions D/ST,DST,3,Steve F,2014,redraft
Shaun Suisham,K,1,Steve F,2014,redraft
Joseph Randle,RB,1,Steve F,2014,redraft
Torrey Smith,WR/TE,1,Steve F,2014,redraft
Latavius Murray,RB,1,Steve F,2014,redraft
Russell Wilson,QB,12,Andrew F,2015,initial
Matt Forte,RB,50,Andrew F,2015,initial
Andre Ellington,RB,7,Andrew F,2015,initial
Antonio Brown,WR/TE,53,Andrew F,2015,initial
Demaryius Thomas,WR/TE,52,Andrew F,2015,initial
Julian Edelman,WR/TE,14,Andrew F,2015,initial
Cardinals D/ST,DST,1,Andrew F,2015,initial
Justin Tucker,K,1,Andrew F,2015,initial
Eric Decker,WR/TE,2,Andrew F,2015,initial
Davonte Adams,WR/TE,3,Andrew F,2015,initial
TJ Yeldon,RB,1,Andrew F,2015,initial
Brandon LaFell,WR/TE,1,Andrew F,2015,initial
Christine Michael,RB,1,Andrew F,2015,initial
Tony Romo,QB,2,Craig B,2015,initial
Eddie Lacy,RB,69,Craig B,2015,initial
Adrian Peterson,RB,69,Craig B,2015,initial
Golden Tate,WR/TE,6,Craig B,2015,initial
Jarvis Landry,WR/TE,1,Craig B,2015,initial
Amari Cooper,WR/TE,1,Craig B,2015,initial
Texans D/ST,DST,2,Craig B,2015,initial
Adam Vinatieri,K,1,Craig B,2015,initial
Todd Gurley,RB,4,Craig B,2015,initial
Jonathan Stewart,RB,2,Craig B,2015,initial
Sammy Watkins,WR/TE,8,Craig B,2015,initial
Jeremy Maclin,WR/TE,11,Craig B,2015,initial
Keenan Allen,WR/TE,3,Craig B,2015,initial
Peyton Manning,QB,13,Jeff M,2015,initial
Demarco Murray,RB,56,Jeff M,2015,initial
Mark Ingram,RB,20,Jeff M,2015,initial
Randall Cobb,WR/TE,33,Jeff M,2015,initial
Rob Gronkowski,WR/TE,41,Jeff M,2015,initial
Brandin Cooks,WR/TE,20,Jeff M,2015,initial
Bills D/ST,DST,2,Jeff M,2015,initial
Stephen Gostkowski,K,2,Jeff M,2015,initial
Carlos Hyde,RB,8,Jeff M,2015,initial
Ryan Mathews,RB,2,Jeff M,2015,initial
Martavis Bryant,WR/TE,1,Jeff M,2015,initial
Darren McFadden,RB,1,Jeff M,2015,initial
Sam Bradford,QB,1,Jeff M,2015,initial
Aaron Rodgers,QB,30,John L,2015,initial
Jamaal Charles,RB,57,John L,2015,initial
Latavius Murray,RB,9,John L,2015,initial
Odell Beckham Jr,WR/TE,45,John L,2015,initial
Emmanuel Sanders,WR/TE,12,John L,2015,initial
Steve Smith Sr,WR/TE,2,John L,2015,initial
Seahawks D/ST,DST,3,John L,2015,initial
Mason Crosby,K,2,John L,2015,initial
Jason Witten,WR/TE,2,John L,2015,initial
Brandon Marshall,WR/TE,4,John L,2015,initial
DeSean Jackson,WR/TE,1,John L,2015,initial
CJ Spiller,RB,2,John L,2015,initial
Matt Ryan,QB,1,John L,2015,initial
Drew Brees,QB,11,John N,2015,initial
LeVeon Bell,RB,65,John N,2015,initial
Alfred Morris,RB,8,John N,2015,initial
Julio Jones,WR/TE,49,John N,2015,initial
DeAndre Hopkins,WR/TE,12,John N,2015,initial
Chris Ivory,RB,6,John N,2015,initial
Panthers D/ST,DST,1,John N,2015,initial
Cody Parkey,K,1,John N,2015,initial
Jordan Matthews,WR/TE,16,John N,2015,initial
Nelson Agholor,WR/TE,2,John N,2015,initial
Ameer Abdullah,RB,5,John N,2015,initial
LeGarrette Blount,RB,6,John N,2015,initial
Doug Martin,RB,3,John N,2015,initial
Andrew Luck,QB,40,Nathan S,2015,initial
CJ Anderson,RB,67,Nathan S,2015,initial
Melvin Gordon,RB,16,Nathan S,2015,initial
Calvin Johnson,WR/TE,41,Nathan S,2015,initial
Jimmy Graham,WR/TE,10,Nathan S,2015,initial
Joique Bell,RB,6,Nathan S,2015,initial
Packers D/ST,DST,1,Nathan S,2015,initial
Brandon McManus,K,1,Nathan S,2015,initial
Andre Johnson,WR/TE,5,Nathan S,2015,initial
Rashad Jennings,RB,1,Nathan S,2015,initial
Marques Colston,WR/TE,1,Nathan S,2015,initial
Tevin Coleman,RB,5,Nathan S,2015,initial
Cam Newton,QB,1,Nathan S,2015,initial
Ben Roethlisberger,QB,7,Steve C,2015,initial
Jeremy Hill,RB,32,Steve C,2015,initial
Justin Forsett,RB,27,Steve C,2015,initial
Dez Bryant,WR/TE,50,Steve C,2015,initial
Alshon Jeffery,WR/TE,24,Steve C,2015,initial
Frank Gore,RB,23,Steve C,2015,initial
Rams D/ST,DST,1,Steve C,2015,initial
Steven Hauschka,K,1,Steve C,2015,initial
Arian Foster,RB,14,Steve C,2015,initial
Mike Evans,WR/TE,18,Steve C,2015,initial
Charles Johnson,WR/TE,1,Steve C,2015,initial
Allen Robinson,WR/TE,1,Steve C,2015,initial
John Brown,WR/TE,1,Steve C,2015,initial
Tom Brady,QB,9,Steve F,2015,initial
Marshawn Lynch,RB,69,Steve F,2015,initial
Lamar Miller,RB,21,Steve F,2015,initial
AJ Green,WR/TE,35,Steve F,2015,initial
TY Hilton,WR/TE,19,Steve F,2015,initial
LeSean McCoy,RB,36,Steve F,2015,initial
Jets D/ST,DST,1,Steve F,2015,initial
Dan Bailey,K,1,Steve F,2015,initial
Isaiah Crowell,RB,1,Steve F,2015,initial
Joseph Randle,RB,4,Steve F,2015,initial
Vincent Jackson,WR/TE,1,Steve F,2015,initial
Bishop Sankey,RB,1,Steve F,2015,initial
Mike Wallace,WR/TE,1,Steve F,2015,initial
